company_name,company_slug,source_name,source_url,vacancies_count,note
1+1 media,1-plus-1-media,Work.ua,https://www.work.ua/jobs/by-company/131904,30,Work.ua VIP list
1001 дрібниця,1001-dribnytsia,Work.ua,https://www.work.ua/jobs/by-company/663955,31,Work.ua VIP list
A-Play Recruiting,a-play-recruiting,Work.ua,https://www.work.ua/jobs/by-company/1870278,27,Work.ua VIP list
Adidas Ukraine,adidas-ukraine,Work.ua,https://www.work.ua/jobs/by-company/35769,29,Work.ua VIP list
Ajax Manufacturing,ajax-manufacturing,Work.ua,https://www.work.ua/jobs/by-company/1390509,24,Work.ua VIP list
Ajax Systems,ajax-systems,Work.ua,https://www.work.ua/jobs/by-company/717168,32,Work.ua VIP list
Alviva Group,alviva-group,Work.ua,https://www.work.ua/jobs/by-company/2768590,120,Work.ua VIP list
Anabel Arto,anabel-arto,Work.ua,https://www.work.ua/jobs/by-company/260892,23,Work.ua VIP list
AntiSchool Online,antischool-online,Work.ua,https://www.work.ua/jobs/by-company/783422,27,Work.ua VIP list
Atlas Recruiting,atlas-recruiting,Work.ua,https://www.work.ua/jobs/by-company/1975291,29,Work.ua VIP list
Autostrada,autostrada,Work.ua,https://www.work.ua/jobs/by-company/1120903,37,Work.ua VIP list
Avangardco,avangardco,Work.ua,https://www.work.ua/jobs/by-company/241664,27,Work.ua VIP list
BeerMarket,beermarket,Work.ua,https://www.work.ua/jobs/by-company/998284,13,Work.ua VIP list
BERTA group,berta-group,Work.ua,https://www.work.ua/jobs/by-company/101721,37,Work.ua VIP list
BlueBird Tech,bluebird-tech,Work.ua,https://www.work.ua/jobs/by-company/2659245,52,Work.ua VIP list
bodo,bodo,Work.ua,https://www.work.ua/jobs/by-company/84903,8,Work.ua VIP list
Boss Auto Ukraine,boss-auto-ukraine,Work.ua,https://www.work.ua/jobs/by-company/2474246,11,Work.ua VIP list
box маркет,box-market,Work.ua,https://www.work.ua/jobs/by-company/1715852,139,Work.ua VIP list
Brain,brain,Work.ua,https://www.work.ua/jobs/by-company/214232,10,Work.ua VIP list
Business Tuning Center,business-tuning-center,Work.ua,https://www.work.ua/jobs/by-company/3611268,67,Work.ua VIP list
COMFY,comfy,Work.ua,https://www.work.ua/jobs/by-company/42923,252,Work.ua VIP list
CSD LAB,csd-lab,Work.ua,https://www.work.ua/jobs/by-company/191449,21,Work.ua VIP list
Delivery-Auto,delivery-auto,Work.ua,https://www.work.ua/jobs/by-company/125499,48,Work.ua VIP list
Deloitte,deloitte,Work.ua,https://www.work.ua/jobs/by-company/1685297,4,Work.ua VIP list
Delta Medical,delta-medical,Work.ua,https://www.work.ua/jobs/by-company/53690,28,Work.ua VIP list
DL SOLUTION,dl-solution,Work.ua,https://www.work.ua/jobs/by-company/253499,47,Work.ua VIP list
Dnipro-M,dnipro-m,Work.ua,https://www.work.ua/jobs/by-company/1511918,180,Work.ua VIP list
Englishdom,englishdom,Work.ua,https://www.work.ua/jobs/by-company/91856,12,Work.ua VIP list
ERC,erc,Work.ua,https://www.work.ua/jobs/by-company/1092666,25,Work.ua VIP list
Estro,estro,Work.ua,https://www.work.ua/jobs/by-company/372965,28,Work.ua VIP list
Euro 5,euro-5,Work.ua,https://www.work.ua/jobs/by-company/2865906,20,Work.ua VIP list
EVA,eva,Work.ua,https://www.work.ua/jobs/by-company/105402,388,Work.ua VIP list
EVO,evo,Work.ua,https://www.work.ua/jobs/by-company/40787,7,Work.ua VIP list
EvoPlay,evoplay,Work.ua,https://www.work.ua/jobs/by-company/345480,115,Work.ua VIP list
Farmak,farmak,Work.ua,https://www.work.ua/jobs/by-company/48358,58,Work.ua VIP list
Ferm,ferm,Work.ua,https://www.work.ua/jobs/by-company/1973618,12,Work.ua VIP list
Fillin,fillin,Work.ua,https://www.work.ua/jobs/by-company/944093,58,Work.ua VIP list
G CAR,g-car,Work.ua,https://www.work.ua/jobs/by-company/1500818,124,Work.ua VIP list
Glovo,glovo,Work.ua,https://www.work.ua/jobs/by-company/1448965,26,Work.ua VIP list
Goodevas,goodevas,Work.ua,https://www.work.ua/jobs/by-company/1354075,9,Work.ua VIP list
Grand Car,grand-car,Work.ua,https://www.work.ua/jobs/by-company/1485763,13,Work.ua VIP list
HedgeHog,hedgehog,Work.ua,https://www.work.ua/jobs/by-company/1826407,23,Work.ua VIP list
Hesburger,hesburger,Work.ua,https://www.work.ua/jobs/by-company/331732,9,Work.ua VIP list
Hop Hey,hop-hey,Work.ua,https://www.work.ua/jobs/by-company/160252,34,Work.ua VIP list
IDS Ukraine,ids-ukraine,Work.ua,https://www.work.ua/jobs/by-company/141462,157,Work.ua VIP list
International rescue committee,international-rescue-committee,Work.ua,https://www.work.ua/jobs/by-company/2184358,7,Work.ua VIP list
Intertop Ukraine,intertop-ukraine,Work.ua,https://www.work.ua/jobs/by-company/256863,27,Work.ua VIP list
JustSchool,justschool,Work.ua,https://www.work.ua/jobs/by-company/1455210,24,Work.ua VIP list
KIDDISVIT,kiddisvit,Work.ua,https://www.work.ua/jobs/by-company/245791,16,Work.ua VIP list
Klion group,klion-group,Work.ua,https://www.work.ua/jobs/by-company/65684,51,Work.ua VIP list
KNESS,kness,Work.ua,https://www.work.ua/jobs/by-company/747870,29,Work.ua VIP list
KPMG,kpmg,Work.ua,https://www.work.ua/jobs/by-company/73546,11,Work.ua VIP list
lifecell,lifecell,Work.ua,https://www.work.ua/jobs/by-company/74179,97,Work.ua VIP list
LPP Ukraine,lpp-ukraine,Work.ua,https://www.work.ua/jobs/by-company/212991,196,Work.ua VIP list
MAESTRO HOTEL MANAGEMENT,maestro-hotel-management,Work.ua,https://www.work.ua/jobs/by-company/320443,120,Work.ua VIP list
MasterZoo,masterzoo,Work.ua,https://www.work.ua/jobs/by-company/2619105,20,Work.ua VIP list
MAUDAU,maudau,Work.ua,https://www.work.ua/jobs/by-company/1932272,52,Work.ua VIP list
MD-Fashion,md-fashion,Work.ua,https://www.work.ua/jobs/by-company/27846,99,Work.ua VIP list
Med-Magazin.ua,med-magazin-ua,Work.ua,https://www.work.ua/jobs/by-company/753000,10,Work.ua VIP list
Meest,meest,Work.ua,https://www.work.ua/jobs/by-company/13405,90,Work.ua VIP list
Megasport,megasport,Work.ua,https://www.work.ua/jobs/by-company/49754,30,Work.ua VIP list
Megogo,megogo,Work.ua,https://www.work.ua/jobs/by-company/240655,25,Work.ua VIP list
Mirs,mirs,Work.ua,https://www.work.ua/jobs/by-company/987214,5,Work.ua VIP list
Mitridat Container Transport,mitridat-container-transport,Work.ua,https://www.work.ua/jobs/by-company/1838082,9,Work.ua VIP list
Mobile Trend,mobile-trend,Work.ua,https://www.work.ua/jobs/by-company/1005921,106,Work.ua VIP list
Motorni,motorni,Work.ua,https://www.work.ua/jobs/by-company/216798,18,Work.ua VIP list
Musafir,musafir,Work.ua,https://www.work.ua/jobs/by-company/719896,10,Work.ua VIP list
My device,my-device,Work.ua,https://www.work.ua/jobs/by-company/1733708,2,Work.ua VIP list
NDA Recruitment,nda-recruitment,Work.ua,https://www.work.ua/jobs/by-company/3106297,258,Work.ua VIP list
NOVUS,novus,Work.ua,https://www.work.ua/jobs/by-company/100879,142,Work.ua VIP list
OKKO,okko,Work.ua,https://www.work.ua/jobs/by-company/19423,386,Work.ua VIP list
OKWINE,okwine,Work.ua,https://www.work.ua/jobs/by-company/296812,47,Work.ua VIP list
Optima Hotels & Resorts,optima-hotels-resorts,Work.ua,https://www.work.ua/jobs/by-company/114235,37,Work.ua VIP list
Parallel,parallel,Work.ua,https://www.work.ua/jobs/by-company/26000,35,Work.ua VIP list
Pesto Family,pesto-family,Work.ua,https://www.work.ua/jobs/by-company/124265,12,Work.ua VIP list
Petimpex,petimpex,Work.ua,https://www.work.ua/jobs/by-company/69829,14,Work.ua VIP list
Pizza Day,pizza-day,Work.ua,https://www.work.ua/jobs/by-company/1275466,67,Work.ua VIP list
PJSC Carlsberg Ukraine,carlsberg-ukraine,Work.ua,https://www.work.ua/jobs/by-company/52150,30,Work.ua VIP list
Pro recruitment,pro-recruitment,Work.ua,https://www.work.ua/jobs/by-company/2436992,201,Work.ua VIP list
ProCare,procare,Work.ua,https://www.work.ua/jobs/by-company/458137,16,Work.ua VIP list
Prostor,prostor,Work.ua,https://www.work.ua/jobs/by-company/40163,369,Work.ua VIP list
Puma Ukraine,puma-ukraine,Work.ua,https://www.work.ua/jobs/by-company/211357,30,Work.ua VIP list
RedHead Family Corporation,redhead-family-corporation,Work.ua,https://www.work.ua/jobs/by-company/27389,67,Work.ua VIP list
RetailGroup,retailgroup,Work.ua,https://www.work.ua/jobs/by-company/84737,385,Work.ua VIP list
Rifbar,rifbar,Work.ua,https://www.work.ua/jobs/by-company/2587625,7,Work.ua VIP list
Rozetka,rozetka,Work.ua,https://www.work.ua/jobs/by-company/502838,163,Work.ua VIP list
Sandi+,sandi-plus,Work.ua,https://www.work.ua/jobs/by-company/540512,24,Work.ua VIP list
Sense Bank,sense-bank,Work.ua,https://www.work.ua/jobs/by-company/13466,252,Work.ua VIP list
Smart Solutions,smart-solutions,Work.ua,https://www.work.ua/jobs/by-company/104380,49,Work.ua VIP list
Snack Production,snack-production,Work.ua,https://www.work.ua/jobs/by-company/49881,197,Work.ua VIP list
Socium Developer,socium-developer,Work.ua,https://www.work.ua/jobs/by-company/1809668,10,Work.ua VIP list
SOVA jewelry house,sova-jewelry-house,Work.ua,https://www.work.ua/jobs/by-company/222459,51,Work.ua VIP list
Starlight Media,starlight-media,Work.ua,https://www.work.ua/jobs/by-company/9462,15,Work.ua VIP list
Steko,steko,Work.ua,https://www.work.ua/jobs/by-company/198631,45,Work.ua VIP list
Strans,strans,Work.ua,https://www.work.ua/jobs/by-company/347069,40,Work.ua VIP list
Study.ua,study-ua,Work.ua,https://www.work.ua/jobs/by-company/701,13,Work.ua VIP list
STV group,stv-group,Work.ua,https://www.work.ua/jobs/by-company/7672,50,Work.ua VIP list
Symbol,symbol,Work.ua,https://www.work.ua/jobs/by-company/1316123,74,Work.ua VIP list
TAF Industries,taf-industries,Work.ua,https://www.work.ua/jobs/by-company/2632296,42,Work.ua VIP list
The Capital,the-capital,Work.ua,https://www.work.ua/jobs/by-company/1836391,23,Work.ua VIP list
THRASH,thrash,Work.ua,https://www.work.ua/jobs/by-company/1497933,68,Work.ua VIP list
Torba,torba,Work.ua,https://www.work.ua/jobs/by-company/964226,50,Work.ua VIP list
Totis Pharma,totis-pharma,Work.ua,https://www.work.ua/jobs/by-company/106033,27,Work.ua VIP list
Tsarsky City Resort,tsarsky-city-resort,Work.ua,https://www.work.ua/jobs/by-company/471453,16,Work.ua VIP list
UGB еко банк,ugb-eko-bank,Work.ua,https://www.work.ua/jobs/by-company/322268,47,Work.ua VIP list
Ukrlandfarming,ukrlandfarming,Work.ua,https://www.work.ua/jobs/by-company/38487,41,Work.ua VIP list
UKRNAFTA,ukrnafta,Work.ua,https://www.work.ua/jobs/by-company/414927,118,Work.ua VIP list
UKRSIBBANK BNP Paribas Group,ukrsibbank,Work.ua,https://www.work.ua/jobs/by-company/101840,20,Work.ua VIP list
Union Group,union-group,Work.ua,https://www.work.ua/jobs/by-company/1320360,95,Work.ua VIP list
Universal Bank,universal-bank,Work.ua,https://www.work.ua/jobs/by-company/1134492,61,Work.ua VIP list
Vega Vodafone Ukraine,vega-vodafone,Work.ua,https://www.work.ua/jobs/by-company/171840,23,Work.ua VIP list
VIDI,vidi,Work.ua,https://www.work.ua/jobs/by-company/74934,39,Work.ua VIP list
Vipcem,vipcem,Work.ua,https://www.work.ua/jobs/by-company/166004,32,Work.ua VIP list
Vitagro,vitagro,Work.ua,https://www.work.ua/jobs/by-company/322330,39,Work.ua VIP list
Vodafone Retail Ukraine,vodafone-retail-ukraine,Work.ua,https://www.work.ua/jobs/by-company/1489680,24,Work.ua VIP list
Vodafone Ukraine,vodafone-ukraine,Work.ua,https://www.work.ua/jobs/by-company/838616,53,Work.ua VIP list
Watsons Ukraine,watsons-ukraine,Work.ua,https://www.work.ua/jobs/by-company/15731,102,Work.ua VIP list
WOG,wog,Work.ua,https://www.work.ua/jobs/by-company/44303,188,Work.ua VIP list
Work.ua,work-ua,Work.ua,https://www.work.ua/jobs/by-company/951769,7,Work.ua VIP list
Yabluka,yabluka,Work.ua,https://www.work.ua/jobs/by-company/760352,33,Work.ua VIP list
Zakaz.ua,zakaz-ua,Work.ua,https://www.work.ua/jobs/by-company/163714,51,Work.ua VIP list
àбанк,a-bank,Work.ua,https://www.work.ua/jobs/by-company/850266,50,Work.ua VIP list
Є гроші,ye-hroshi,Work.ua,https://www.work.ua/jobs/by-company/1308472,6,Work.ua VIP list
Ібіс,ibis,Work.ua,https://www.work.ua/jobs/by-company/788676,17,Work.ua VIP list
Ідея Банк,ideya-bank,Work.ua,https://www.work.ua/jobs/by-company/296605,90,Work.ua VIP list
Інтерпайп,interpipe,Work.ua,https://www.work.ua/jobs/by-company/28907,109,Work.ua VIP list
АВ метал груп,av-metal-grup,Work.ua,https://www.work.ua/jobs/by-company/77932,55,Work.ua VIP list
АВТ Баварія Груп,avt-bavariia-grup,Work.ua,https://www.work.ua/jobs/by-company/19365,10,Work.ua VIP list
АЛБО,albo,Work.ua,https://www.work.ua/jobs/by-company/38639,22,Work.ua VIP list
АТБ корпорація,atb-corporation,Work.ua,https://www.work.ua/jobs/by-company/385,10,Work.ua VIP list
АТБ-маркет,atb-market,Work.ua,https://www.work.ua/jobs/by-company/28708,82,Work.ua VIP list
АФІНА-Груп,afina-grup,Work.ua,https://www.work.ua/jobs/by-company/642049,31,Work.ua VIP list
Абінбев Ефес Україна,abinbev-efes-ukraine,Work.ua,https://www.work.ua/jobs/by-company/388887,86,Work.ua VIP list
АвтоНова-Д,avtonova-d,Work.ua,https://www.work.ua/jobs/by-company/959963,19,Work.ua VIP list
Агромат,agromat,Work.ua,https://www.work.ua/jobs/by-company/36257,45,Work.ua VIP list
Агропросперіс,agroprosperis,Work.ua,https://www.work.ua/jobs/by-company/125534,10,Work.ua VIP list
Акварель,akvarely,Work.ua,https://www.work.ua/jobs/by-company/191634,27,Work.ua VIP list
Аквафрост,akvafront,Work.ua,https://www.work.ua/jobs/by-company/642330,31,Work.ua VIP list
Алло,allo,Work.ua,https://www.work.ua/jobs/by-company/237501,93,Work.ua VIP list
Аптека 9-1-1,apteka-911,Work.ua,https://www.work.ua/jobs/by-company/1036647,341,Work.ua VIP list
Аптека АНЦ,apteka-ants,Work.ua,https://www.work.ua/jobs/by-company/842758,264,Work.ua VIP list
Аптека Доброго Дня,apteka-dobroho-dnia,Work.ua,https://www.work.ua/jobs/by-company/44218,100,Work.ua VIP list
Артеріум,arterium,Work.ua,https://www.work.ua/jobs/by-company/48649,42,Work.ua VIP list
Асбіс-Україна,asbis-ukraine,Work.ua,https://www.work.ua/jobs/by-company/9577,16,Work.ua VIP list
БаДМ,badm,Work.ua,https://www.work.ua/jobs/by-company/55507,46,Work.ua VIP list
Банк Кредит Дніпро,bank-kredyt-dnipro,Work.ua,https://www.work.ua/jobs/by-company/13042,25,Work.ua VIP list
Банк інвестицій та заощаджень,bank-investytsii,Work.ua,https://www.work.ua/jobs/by-company/31116,32,Work.ua VIP list
Барком,barkom,Work.ua,https://www.work.ua/jobs/by-company/724299,57,Work.ua VIP list
Близенько,blyzenko,Work.ua,https://www.work.ua/jobs/by-company/721802,39,Work.ua VIP list
Бойчак,boichak,Work.ua,https://www.work.ua/jobs/by-company/383076,49,Work.ua VIP list
Брокард-Україна,brokard-ukraine,Work.ua,https://www.work.ua/jobs/by-company/122638,29,Work.ua VIP list
Будпостач,budpostach,Work.ua,https://www.work.ua/jobs/by-company/96385,43,Work.ua VIP list
Бумбокс,bumboks,Work.ua,https://www.work.ua/jobs/by-company/3579750,2,Work.ua VIP list
Біосфера,biosfera,Work.ua,https://www.work.ua/jobs/by-company/18864,38,Work.ua VIP list
Вартіс,vartis,Work.ua,https://www.work.ua/jobs/by-company/528234,47,Work.ua VIP list
Венбест,venbest,Work.ua,https://www.work.ua/jobs/by-company/215918,29,Work.ua VIP list
Вентиляційні системи Вентс,vents,Work.ua,https://www.work.ua/jobs/by-company/21456,57,Work.ua VIP list
Вересень плюс,veresen-plus,Work.ua,https://www.work.ua/jobs/by-company/198405,29,Work.ua VIP list
ВіЯр,viyar,Work.ua,https://www.work.ua/jobs/by-company/236840,148,Work.ua VIP list
Вітмарк-Україна,vitmark-ukraine,Work.ua,https://www.work.ua/jobs/by-company/5350,31,Work.ua VIP list
Галактика,halaktyka,Work.ua,https://www.work.ua/jobs/by-company/747856,43,Work.ua VIP list
Генерал Черешня,general-chereshnia,Work.ua,https://www.work.ua/jobs/by-company/2989141,8,Work.ua VIP list
Глобальна ресторанна група KFC,kfc-ukraine,Work.ua,https://www.work.ua/jobs/by-company/894452,21,Work.ua VIP list
Глобино,hlobyne,Work.ua,https://www.work.ua/jobs/by-company/140437,34,Work.ua VIP list
Грош,hrosh,Work.ua,https://www.work.ua/jobs/by-company/205551,31,Work.ua VIP list
Гудок,hudok,Work.ua,https://www.work.ua/jobs/by-company/1461319,25,Work.ua VIP list
ДІЛА,dila,Work.ua,https://www.work.ua/jobs/by-company/106904,53,Work.ua VIP list
ДТЕК,dtek,Work.ua,https://www.work.ua/jobs/by-company/318853,210,Work.ua VIP list
ДТС-Харків KFC,dtc-kharkiv-kfc,Work.ua,https://www.work.ua/jobs/by-company/1478102,49,Work.ua VIP list
Дарниця,darnytsya,Work.ua,https://www.work.ua/jobs/by-company/232903,18,Work.ua VIP list
Делікат,delikat,Work.ua,https://www.work.ua/jobs/by-company/905237,28,Work.ua VIP list
Деліція,delitsiya,Work.ua,https://www.work.ua/jobs/by-company/197873,9,Work.ua VIP list
Добробут,dobrobut,Work.ua,https://www.work.ua/jobs/by-company/241004,77,Work.ua VIP list
ЕкономКлас,ekonomklas,Work.ua,https://www.work.ua/jobs/by-company/959538,62,Work.ua VIP list
Еліт-Україна,elit-ukraine,Work.ua,https://www.work.ua/jobs/by-company/67775,38,Work.ua VIP list
Ерідон,eridon,Work.ua,https://www.work.ua/jobs/by-company/65331,82,Work.ua VIP list
Ескулаб,eskulab,Work.ua,https://www.work.ua/jobs/by-company/1202860,28,Work.ua VIP list
Золотий Вік,zolotyi-vik,Work.ua,https://www.work.ua/jobs/by-company/210220,49,Work.ua VIP list
КИТ Group,kyt-group,Work.ua,https://www.work.ua/jobs/by-company/562448,29,Work.ua VIP list
Кар'єра-Плюс Захід,kariera-plus-zakhid,Work.ua,https://www.work.ua/jobs/by-company/3055654,128,Work.ua VIP list
Кар'єра-Плюс РА,kariera-plus-ra,Work.ua,https://www.work.ua/jobs/by-company/1915142,138,Work.ua VIP list
Київстар,kyivstar,Work.ua,https://www.work.ua/jobs/by-company/24773,65,Work.ua VIP list
Кліринговий Дім,klirynh-dim,Work.ua,https://www.work.ua/jobs/by-company/196141,12,Work.ua VIP list
Ковальська,kovalska,Work.ua,https://www.work.ua/jobs/by-company/458937,32,Work.ua VIP list
Контінентал Фармерз Груп,kontynental-farmers,Work.ua,https://www.work.ua/jobs/by-company/103064,49,Work.ua VIP list
Копійочка,kopiichka,Work.ua,https://www.work.ua/jobs/by-company/670663,230,Work.ua VIP list
Креді Агріколь,credit-agricole,Work.ua,https://www.work.ua/jobs/by-company/316160,58,Work.ua VIP list
Логістик Юніон,lohistyk-union,Work.ua,https://www.work.ua/jobs/by-company/851456,61,Work.ua VIP list
Львівські Круасани,lvivski-kruasany,Work.ua,https://www.work.ua/jobs/by-company/610621,68,Work.ua VIP list
Люксоптика,lyuksoptyka,Work.ua,https://www.work.ua/jobs/by-company/176857,53,Work.ua VIP list
МТБ Банк,mtb-bank,Work.ua,https://www.work.ua/jobs/by-company/116497,26,Work.ua VIP list
МХП,mkhp,Work.ua,https://www.work.ua/jobs/by-company/80348,184,Work.ua VIP list
МакДональдз Юкрейн,mcdonalds-ukraine,Work.ua,https://www.work.ua/jobs/by-company/837382,164,Work.ua VIP list
Малбі Фудс,malbi-fuds,Work.ua,https://www.work.ua/jobs/by-company/48602,15,Work.ua VIP list
Малороганський молочний завод,malorohansky-molochny,Work.ua,https://www.work.ua/jobs/by-company/523085,31,Work.ua VIP list
Метінвест,metinvest,Work.ua,https://www.work.ua/jobs/by-company/750619,107,Work.ua VIP list
Мобільна Оптика,mobilna-optyka,Work.ua,https://www.work.ua/jobs/by-company/2004292,49,Work.ua VIP list
Модерн Експо,modern-expo,Work.ua,https://www.work.ua/jobs/by-company/114755,17,Work.ua VIP list
Нафтогазбезпека,naftohaz-bezpeka,Work.ua,https://www.work.ua/jobs/by-company/2542124,9,Work.ua VIP list
Національне агентство з працевлаштування,natsionalne-ahentstvo-pratsevlashtuvannia,Work.ua,https://www.work.ua/jobs/by-company/1892969,28,Work.ua VIP list
Нова пошта,nova-poshta,Work.ua,https://www.work.ua/jobs/by-company/34748,689,Work.ua VIP list
Нібулон,nibulon,Work.ua,https://www.work.ua/jobs/by-company/542627,10,Work.ua VIP list
ОН Клінік,on-klinik,Work.ua,https://www.work.ua/jobs/by-company/175423,28,Work.ua VIP list
ОТАК СМАРТШОП,otak-smartshop,Work.ua,https://www.work.ua/jobs/by-company/2417867,53,Work.ua VIP list
Оболонь,obolon,Work.ua,https://www.work.ua/jobs/by-company/71496,60,Work.ua VIP list
Оператор ГТС України,operator-hts-ukraine,Work.ua,https://www.work.ua/jobs/by-company/951308,43,Work.ua VIP list
ПУМБ,pumb,Work.ua,https://www.work.ua/jobs/by-company/166714,196,Work.ua VIP list
Перший ломбард,pershyi-lombard,Work.ua,https://www.work.ua/jobs/by-company/1295165,60,Work.ua VIP list
Повернись живим,povernis-zhyvym,Work.ua,https://www.work.ua/jobs/by-company/1372630,9,Work.ua VIP list
Подорожник,podorozhnyk,Work.ua,https://www.work.ua/jobs/by-company/347700,518,Work.ua VIP list
Посад,posad,Work.ua,https://www.work.ua/jobs/by-company/431193,12,Work.ua VIP list
ПриватБанк,pryvatbank,Work.ua,https://www.work.ua/jobs/by-company/85007,332,Work.ua VIP list
ПроКредит Банк,prokredyt-bank,Work.ua,https://www.work.ua/jobs/by-company/13777,21,Work.ua VIP list
Південний банк,pivdennyi-bank,Work.ua,https://www.work.ua/jobs/by-company/8611,48,Work.ua VIP list
Рост,rost,Work.ua,https://www.work.ua/jobs/by-company/556053,23,Work.ua VIP list
СП Оптіма-Фарм,optima-farm,Work.ua,https://www.work.ua/jobs/by-company/28379,24,Work.ua VIP list
Сенс книгарня,sens-knyhарnia,Work.ua,https://www.work.ua/jobs/by-company/2606545,8,Work.ua VIP list
Скарбниця,skarbnytsya,Work.ua,https://www.work.ua/jobs/by-company/42601,93,Work.ua VIP list
Спільнота Стерненка,spilnota-sternenka,Work.ua,https://www.work.ua/jobs/by-company/3076687,10,Work.ua VIP list
Столична Ювелірна Фабрика,stolychna-yuvelirnа-fabryka,Work.ua,https://www.work.ua/jobs/by-company/443497,44,Work.ua VIP list
Стройінвест,stroiinvest,Work.ua,https://www.work.ua/jobs/by-company/589671,19,Work.ua VIP list
Сузір'я,suzirya,Work.ua,https://www.work.ua/jobs/by-company/817474,9,Work.ua VIP list
Сільпо,silpo,Work.ua,https://www.work.ua/jobs/by-company/21751,928,Work.ua VIP list
Сім23 Сімі,sim23-simi,Work.ua,https://www.work.ua/jobs/by-company/454875,28,Work.ua VIP list
Сінево Україна,sinevo-ukraine,Work.ua,https://www.work.ua/jobs/by-company/114646,42,Work.ua VIP list
ТНП,tnp,Work.ua,https://www.work.ua/jobs/by-company/77341,40,Work.ua VIP list
ТС ПЛЮС WINETIME,ts-plus-winetime,Work.ua,https://www.work.ua/jobs/by-company/62998,26,Work.ua VIP list
Таврія-В,tavriia-v,Work.ua,https://www.work.ua/jobs/by-company/446448,92,Work.ua VIP list
Таскомбанк,taskombank,Work.ua,https://www.work.ua/jobs/by-company/199876,52,Work.ua VIP list
Террафуд,terrafud,Work.ua,https://www.work.ua/jobs/by-company/71251,55,Work.ua VIP list
Товариство Червоного Хреста України,red-cross-ukraine,Work.ua,https://www.work.ua/jobs/by-company/2396512,98,Work.ua VIP list
Торговий Дім АВ,torhovyi-dim-av,Work.ua,https://www.work.ua/jobs/by-company/304819,33,Work.ua VIP list
Транс Логістик,trans-lohistyk,Work.ua,https://www.work.ua/jobs/by-company/170747,17,Work.ua VIP list
Трансінвестсервіс,transinvestservice,Work.ua,https://www.work.ua/jobs/by-company/59872,13,Work.ua VIP list
Український аграрний холдинг,ukrainskyi-ahrarny-kholding,Work.ua,https://www.work.ua/jobs/by-company/570315,18,Work.ua VIP list
Укрзолото,ukrzoloto,Work.ua,https://www.work.ua/jobs/by-company/1897687,26,Work.ua VIP list
Укрпошта,ukrposhta,Work.ua,https://www.work.ua/jobs/by-company/398821,330,Work.ua VIP list
Укртелеком,ukrtelecom,Work.ua,https://www.work.ua/jobs/by-company/91828,60,Work.ua VIP list
ФМ Хладопром,fm-khladoprom,Work.ua,https://www.work.ua/jobs/by-company/34201,23,Work.ua VIP list
Флай Кідс,flay-kids,Work.ua,https://www.work.ua/jobs/by-company/1008088,55,Work.ua VIP list
Фоззі,fozzi,Work.ua,https://www.work.ua/jobs/by-company/68513,85,Work.ua VIP list
Фокстрот,foxtrot,Work.ua,https://www.work.ua/jobs/by-company/9233,152,Work.ua VIP list
Фонд Сергія Притули,fond-serhiya-prytuly,Work.ua,https://www.work.ua/jobs/by-company/2492470,6,Work.ua VIP list
Фора,fora,Work.ua,https://www.work.ua/jobs/by-company/185937,495,Work.ua VIP list
Хлібні інвестиції,khlib-investytsii,Work.ua,https://www.work.ua/jobs/by-company/1168204,16,Work.ua VIP list
Хімлаборреактив,khimlabreaktiv,Work.ua,https://www.work.ua/jobs/by-company/1705523,17,Work.ua VIP list
Центр правової допомоги,tsentr-pravovoi-dopomohy,Work.ua,https://www.work.ua/jobs/by-company/1735561,16,Work.ua VIP list
Цитрус,tsytrus,Work.ua,https://www.work.ua/jobs/by-company/246049,46,Work.ua VIP list
Червоний Маркет,chervonyi-market,Work.ua,https://www.work.ua/jobs/by-company/596964,62,Work.ua VIP list
Щодня,shchodnia,Work.ua,https://www.work.ua/jobs/by-company/832988,26,Work.ua VIP list
Юнiк Трейд,yunik-treid,Work.ua,https://www.work.ua/jobs/by-company/56461,29,Work.ua VIP list
Юрія-Фарм,yuriia-farm,Work.ua,https://www.work.ua/jobs/by-company/71695,35,Work.ua VIP list
Ябко,yabko,Work.ua,https://www.work.ua/jobs/by-company/732185,68,Work.ua VIP list
Япіко,yapiko,Work.ua,https://www.work.ua/jobs/by-company/358807,61,Work.ua VIP list
