url,company_slug,company_name,source_name,note
https://www.work.ua/jobs/8138631/,,1001 дрібниця,Work.ua,1001 дрібниця
https://www.work.ua/jobs/1994732/,,1001 дрібниця,Work.ua,1001 дрібниця
https://www.work.ua/jobs/5424264/,,1001 дрібниця,Work.ua,1001 дрібниця
https://www.work.ua/jobs/8034831/,,1001 дрібниця,Work.ua,1001 дрібниця
https://www.work.ua/jobs/3045786/,,1001 дрібниця,Work.ua,1001 дрібниця
https://www.work.ua/jobs/7374115/,,1001 дрібниця,Work.ua,1001 дрібниця
https://www.work.ua/jobs/5832290/,,1001 дрібниця,Work.ua,1001 дрібниця
https://www.work.ua/jobs/5750039/,,1001 дрібниця,Work.ua,1001 дрібниця
https://www.work.ua/jobs/4163347/,,1001 дрібниця,Work.ua,1001 дрібниця
https://www.work.ua/jobs/4803214/,,1001 дрібниця,Work.ua,1001 дрібниця
https://www.work.ua/jobs/2344625/,,1001 дрібниця,Work.ua,1001 дрібниця
https://www.work.ua/jobs/1772590/,,1001 дрібниця,Work.ua,1001 дрібниця
https://www.work.ua/jobs/2627227/,,1001 дрібниця,Work.ua,1001 дрібниця
https://www.work.ua/jobs/5337196/,,1001 дрібниця,Work.ua,1001 дрібниця
https://www.work.ua/jobs/1597360/,,1001 дрібниця,Work.ua,1001 дрібниця
https://www.work.ua/jobs/1994714/,,1001 дрібниця,Work.ua,1001 дрібниця
https://www.work.ua/jobs/2711533/,,1001 дрібниця,Work.ua,1001 дрібниця
https://www.work.ua/jobs/3511230/,,1001 дрібниця,Work.ua,1001 дрібниця
https://www.work.ua/jobs/2627241/,,1001 дрібниця,Work.ua,1001 дрібниця
https://www.work.ua/jobs/3779318/,,1001 дрібниця,Work.ua,1001 дрібниця
https://www.work.ua/jobs/2819078/,,1001 дрібниця,Work.ua,1001 дрібниця
https://www.work.ua/jobs/1742384/,,1001 дрібниця,Work.ua,1001 дрібниця
https://www.work.ua/jobs/3563813/,,1001 дрібниця,Work.ua,1001 дрібниця
https://www.work.ua/jobs/3088858/,,1001 дрібниця,Work.ua,1001 дрібниця
https://www.work.ua/jobs/4445341/,,1001 дрібниця,Work.ua,1001 дрібниця
https://www.work.ua/jobs/4432849/,,1001 дрібниця,Work.ua,1001 дрібниця
https://www.work.ua/jobs/3485581/,,1001 дрібниця,Work.ua,1001 дрібниця
https://www.work.ua/jobs/3156400/,,1001 дрібниця,Work.ua,1001 дрібниця
https://www.work.ua/jobs/4367397/,,1001 дрібниця,Work.ua,1001 дрібниця
https://www.work.ua/jobs/3254146/,,1001 дрібниця,Work.ua,1001 дрібниця
https://www.work.ua/jobs/7972398/,,A-Play Recruiting,Work.ua,A-Play Recruiting
https://www.work.ua/jobs/7978809/,,A-Play Recruiting,Work.ua,A-Play Recruiting
https://www.work.ua/jobs/8063028/,,A-Play Recruiting,Work.ua,A-Play Recruiting
https://www.work.ua/jobs/7500913/,,A-Play Recruiting,Work.ua,A-Play Recruiting
https://www.work.ua/jobs/8032425/,,A-Play Recruiting,Work.ua,A-Play Recruiting
https://www.work.ua/jobs/8062854/,,A-Play Recruiting,Work.ua,A-Play Recruiting
https://www.work.ua/jobs/7971912/,,A-Play Recruiting,Work.ua,A-Play Recruiting
https://www.work.ua/jobs/8039034/,,A-Play Recruiting,Work.ua,A-Play Recruiting
https://www.work.ua/jobs/7978827/,,A-Play Recruiting,Work.ua,A-Play Recruiting
https://www.work.ua/jobs/7972347/,,A-Play Recruiting,Work.ua,A-Play Recruiting
https://www.work.ua/jobs/7872567/,,A-Play Recruiting,Work.ua,A-Play Recruiting
https://www.work.ua/jobs/7787058/,,A-Play Recruiting,Work.ua,A-Play Recruiting
https://www.work.ua/jobs/8047548/,,A-Play Recruiting,Work.ua,A-Play Recruiting
https://www.work.ua/jobs/8137647/,,A-Play Recruiting,Work.ua,A-Play Recruiting
https://www.work.ua/jobs/7868631/,,A-Play Recruiting,Work.ua,A-Play Recruiting
https://www.work.ua/jobs/7898271/,,A-Play Recruiting,Work.ua,A-Play Recruiting
https://www.work.ua/jobs/8056761/,,A-Play Recruiting,Work.ua,A-Play Recruiting
https://www.work.ua/jobs/8056773/,,A-Play Recruiting,Work.ua,A-Play Recruiting
https://www.work.ua/jobs/7961985/,,A-Play Recruiting,Work.ua,A-Play Recruiting
https://www.work.ua/jobs/8013885/,,A-Play Recruiting,Work.ua,A-Play Recruiting
https://www.work.ua/jobs/8051022/,,A-Play Recruiting,Work.ua,A-Play Recruiting
https://www.work.ua/jobs/7716420/,,A-Play Recruiting,Work.ua,A-Play Recruiting
https://www.work.ua/jobs/7235197/,,A-Play Recruiting,Work.ua,A-Play Recruiting
https://www.work.ua/jobs/8037006/,,A-Play Recruiting,Work.ua,A-Play Recruiting
https://www.work.ua/jobs/8037009/,,A-Play Recruiting,Work.ua,A-Play Recruiting
https://www.work.ua/jobs/8146743/,,A-Play Recruiting,Work.ua,A-Play Recruiting
https://www.work.ua/jobs/7856343/,,A-Play Recruiting,Work.ua,A-Play Recruiting
https://www.work.ua/jobs/7865625/,,Adidas Ukraine,Work.ua,Adidas Ukraine
https://www.work.ua/jobs/5921630/,,Adidas Ukraine,Work.ua,Adidas Ukraine
https://www.work.ua/jobs/7965102/,,Adidas Ukraine,Work.ua,Adidas Ukraine
https://www.work.ua/jobs/4972171/,,Adidas Ukraine,Work.ua,Adidas Ukraine
https://www.work.ua/jobs/6497986/,,Adidas Ukraine,Work.ua,Adidas Ukraine
https://www.work.ua/jobs/5858958/,,Adidas Ukraine,Work.ua,Adidas Ukraine
https://www.work.ua/jobs/5558016/,,Adidas Ukraine,Work.ua,Adidas Ukraine
https://www.work.ua/jobs/4309137/,,Adidas Ukraine,Work.ua,Adidas Ukraine
https://www.work.ua/jobs/5275576/,,Adidas Ukraine,Work.ua,Adidas Ukraine
https://www.work.ua/jobs/7957410/,,Adidas Ukraine,Work.ua,Adidas Ukraine
https://www.work.ua/jobs/7913127/,,Adidas Ukraine,Work.ua,Adidas Ukraine
https://www.work.ua/jobs/7811979/,,Adidas Ukraine,Work.ua,Adidas Ukraine
https://www.work.ua/jobs/5608658/,,Adidas Ukraine,Work.ua,Adidas Ukraine
https://www.work.ua/jobs/5036298/,,Adidas Ukraine,Work.ua,Adidas Ukraine
https://www.work.ua/jobs/4844083/,,Adidas Ukraine,Work.ua,Adidas Ukraine
https://www.work.ua/jobs/5289823/,,Adidas Ukraine,Work.ua,Adidas Ukraine
https://www.work.ua/jobs/5448845/,,Adidas Ukraine,Work.ua,Adidas Ukraine
https://www.work.ua/jobs/5312445/,,Adidas Ukraine,Work.ua,Adidas Ukraine
https://www.work.ua/jobs/4894451/,,Adidas Ukraine,Work.ua,Adidas Ukraine
https://www.work.ua/jobs/5236176/,,Adidas Ukraine,Work.ua,Adidas Ukraine
https://www.work.ua/jobs/5251868/,,Adidas Ukraine,Work.ua,Adidas Ukraine
https://www.work.ua/jobs/7029010/,,Adidas Ukraine,Work.ua,Adidas Ukraine
https://www.work.ua/jobs/6865831/,,Adidas Ukraine,Work.ua,Adidas Ukraine
https://www.work.ua/jobs/7977684/,,Adidas Ukraine,Work.ua,Adidas Ukraine
https://www.work.ua/jobs/5322941/,,Adidas Ukraine,Work.ua,Adidas Ukraine
https://www.work.ua/jobs/5899208/,,Adidas Ukraine,Work.ua,Adidas Ukraine
https://www.work.ua/jobs/5140132/,,Adidas Ukraine,Work.ua,Adidas Ukraine
https://www.work.ua/jobs/6869530/,,Adidas Ukraine,Work.ua,Adidas Ukraine
https://www.work.ua/jobs/6425575/,,Ajax Manufacturing,Work.ua,Ajax Manufacturing
https://www.work.ua/jobs/7670173/,,Ajax Manufacturing,Work.ua,Ajax Manufacturing
https://www.work.ua/jobs/7559836/,,Ajax Manufacturing,Work.ua,Ajax Manufacturing
https://www.work.ua/jobs/5782890/,,Ajax Manufacturing,Work.ua,Ajax Manufacturing
https://www.work.ua/jobs/5355115/,,Ajax Manufacturing,Work.ua,Ajax Manufacturing
https://www.work.ua/jobs/7377742/,,Ajax Manufacturing,Work.ua,Ajax Manufacturing
https://www.work.ua/jobs/8130912/,,Ajax Manufacturing,Work.ua,Ajax Manufacturing
https://www.work.ua/jobs/7932786/,,Ajax Manufacturing,Work.ua,Ajax Manufacturing
https://www.work.ua/jobs/5971914/,,Ajax Manufacturing,Work.ua,Ajax Manufacturing
https://www.work.ua/jobs/7669948/,,Ajax Manufacturing,Work.ua,Ajax Manufacturing
https://www.work.ua/jobs/7798872/,,Ajax Manufacturing,Work.ua,Ajax Manufacturing
https://www.work.ua/jobs/7185079/,,Ajax Manufacturing,Work.ua,Ajax Manufacturing
https://www.work.ua/jobs/5520845/,,Ajax Manufacturing,Work.ua,Ajax Manufacturing
https://www.work.ua/jobs/8105637/,,Ajax Manufacturing,Work.ua,Ajax Manufacturing
https://www.work.ua/jobs/5570134/,,Ajax Manufacturing,Work.ua,Ajax Manufacturing
https://www.work.ua/jobs/6903325/,,Ajax Manufacturing,Work.ua,Ajax Manufacturing
https://www.work.ua/jobs/7688692/,,Ajax Manufacturing,Work.ua,Ajax Manufacturing
https://www.work.ua/jobs/5375890/,,Ajax Manufacturing,Work.ua,Ajax Manufacturing
https://www.work.ua/jobs/8077809/,,Ajax Manufacturing,Work.ua,Ajax Manufacturing
https://www.work.ua/jobs/8047770/,,Ajax Manufacturing,Work.ua,Ajax Manufacturing
https://www.work.ua/jobs/5382464/,,Ajax Manufacturing,Work.ua,Ajax Manufacturing
https://www.work.ua/jobs/3673761/,,Ajax Manufacturing,Work.ua,Ajax Manufacturing
https://www.work.ua/jobs/5428315/,,Ajax Manufacturing,Work.ua,Ajax Manufacturing
https://www.work.ua/jobs/5783417/,,Ajax Manufacturing,Work.ua,Ajax Manufacturing
https://www.work.ua/jobs/7948665/,,Ajax Systems,Work.ua,Ajax Systems
https://www.work.ua/jobs/7948656/,,Ajax Systems,Work.ua,Ajax Systems
https://www.work.ua/jobs/8047434/,,Ajax Systems,Work.ua,Ajax Systems
https://www.work.ua/jobs/8142918/,,Ajax Systems,Work.ua,Ajax Systems
https://www.work.ua/jobs/7478974/,,Ajax Systems,Work.ua,Ajax Systems
https://www.work.ua/jobs/7479013/,,Ajax Systems,Work.ua,Ajax Systems
https://www.work.ua/jobs/7884543/,,Ajax Systems,Work.ua,Ajax Systems
https://www.work.ua/jobs/4882891/,,Ajax Systems,Work.ua,Ajax Systems
https://www.work.ua/jobs/7964004/,,Ajax Systems,Work.ua,Ajax Systems
https://www.work.ua/jobs/8129967/,,Ajax Systems,Work.ua,Ajax Systems
https://www.work.ua/jobs/8051769/,,Ajax Systems,Work.ua,Ajax Systems
https://www.work.ua/jobs/8025714/,,Ajax Systems,Work.ua,Ajax Systems
https://www.work.ua/jobs/7454641/,,Ajax Systems,Work.ua,Ajax Systems
https://www.work.ua/jobs/7930071/,,Ajax Systems,Work.ua,Ajax Systems
https://www.work.ua/jobs/7715868/,,Ajax Systems,Work.ua,Ajax Systems
https://www.work.ua/jobs/7850490/,,Ajax Systems,Work.ua,Ajax Systems
https://www.work.ua/jobs/7352860/,,Ajax Systems,Work.ua,Ajax Systems
https://www.work.ua/jobs/8089431/,,Ajax Systems,Work.ua,Ajax Systems
https://www.work.ua/jobs/7698867/,,Ajax Systems,Work.ua,Ajax Systems
https://www.work.ua/jobs/7680904/,,Ajax Systems,Work.ua,Ajax Systems
https://www.work.ua/jobs/7488238/,,Ajax Systems,Work.ua,Ajax Systems
https://www.work.ua/jobs/8048190/,,Ajax Systems,Work.ua,Ajax Systems
https://www.work.ua/jobs/7968435/,,Ajax Systems,Work.ua,Ajax Systems
https://www.work.ua/jobs/7991166/,,Ajax Systems,Work.ua,Ajax Systems
https://www.work.ua/jobs/7830675/,,Ajax Systems,Work.ua,Ajax Systems
https://www.work.ua/jobs/8053470/,,Ajax Systems,Work.ua,Ajax Systems
https://www.work.ua/jobs/8131566/,,Ajax Systems,Work.ua,Ajax Systems
https://www.work.ua/jobs/7592293/,,Ajax Systems,Work.ua,Ajax Systems
https://www.work.ua/jobs/8051946/,,Ajax Systems,Work.ua,Ajax Systems
https://www.work.ua/jobs/6273686/,,Ajax Systems,Work.ua,Ajax Systems
https://www.work.ua/jobs/8053674/,,Ajax Systems,Work.ua,Ajax Systems
https://www.work.ua/jobs/8142696/,,Ajax Systems,Work.ua,Ajax Systems
https://www.work.ua/jobs/8113683/,,Alviva Group,Work.ua,Alviva Group
https://www.work.ua/jobs/8097510/,,Alviva Group,Work.ua,Alviva Group
https://www.work.ua/jobs/6501220/,,Alviva Group,Work.ua,Alviva Group
https://www.work.ua/jobs/5556988/,,Alviva Group,Work.ua,Alviva Group
https://www.work.ua/jobs/7190417/,,Alviva Group,Work.ua,Alviva Group
https://www.work.ua/jobs/8025330/,,Alviva Group,Work.ua,Alviva Group
https://www.work.ua/jobs/7681501/,,Alviva Group,Work.ua,Alviva Group
https://www.work.ua/jobs/7852734/,,Alviva Group,Work.ua,Alviva Group
https://www.work.ua/jobs/8111946/,,Alviva Group,Work.ua,Alviva Group
https://www.work.ua/jobs/7671199/,,Alviva Group,Work.ua,Alviva Group
https://www.work.ua/jobs/6108046/,,Alviva Group,Work.ua,Alviva Group
https://www.work.ua/jobs/5385071/,,Alviva Group,Work.ua,Alviva Group
https://www.work.ua/jobs/7668286/,,Alviva Group,Work.ua,Alviva Group
https://www.work.ua/jobs/7612849/,,Alviva Group,Work.ua,Alviva Group
https://www.work.ua/jobs/7804893/,,Alviva Group,Work.ua,Alviva Group
https://www.work.ua/jobs/7553887/,,Alviva Group,Work.ua,Alviva Group
https://www.work.ua/jobs/7553968/,,Alviva Group,Work.ua,Alviva Group
https://www.work.ua/jobs/8075265/,,Alviva Group,Work.ua,Alviva Group
https://www.work.ua/jobs/7554034/,,Alviva Group,Work.ua,Alviva Group
https://www.work.ua/jobs/6146941/,,Alviva Group,Work.ua,Alviva Group
https://www.work.ua/jobs/5377296/,,Alviva Group,Work.ua,Alviva Group
https://www.work.ua/jobs/7554016/,,Alviva Group,Work.ua,Alviva Group
https://www.work.ua/jobs/7973376/,,Alviva Group,Work.ua,Alviva Group
https://www.work.ua/jobs/7553923/,,Alviva Group,Work.ua,Alviva Group
https://www.work.ua/jobs/8123004/,,Alviva Group,Work.ua,Alviva Group
https://www.work.ua/jobs/7931127/,,Alviva Group,Work.ua,Alviva Group
https://www.work.ua/jobs/7733319/,,Alviva Group,Work.ua,Alviva Group
https://www.work.ua/jobs/7770678/,,Alviva Group,Work.ua,Alviva Group
https://www.work.ua/jobs/8135895/,,Alviva Group,Work.ua,Alviva Group
https://www.work.ua/jobs/6853168/,,Alviva Group,Work.ua,Alviva Group
https://www.work.ua/jobs/6050130/,,Alviva Group,Work.ua,Alviva Group
https://www.work.ua/jobs/8029740/,,Alviva Group,Work.ua,Alviva Group
https://www.work.ua/jobs/5287643/,,Alviva Group,Work.ua,Alviva Group
https://www.work.ua/jobs/6963343/,,Alviva Group,Work.ua,Alviva Group
https://www.work.ua/jobs/7787577/,,Alviva Group,Work.ua,Alviva Group
https://www.work.ua/jobs/8097624/,,Alviva Group,Work.ua,Alviva Group
https://www.work.ua/jobs/7556950/,,Alviva Group,Work.ua,Alviva Group
https://www.work.ua/jobs/7552348/,,Alviva Group,Work.ua,Alviva Group
https://www.work.ua/jobs/7816866/,,Alviva Group,Work.ua,Alviva Group
https://www.work.ua/jobs/5807264/,,Alviva Group,Work.ua,Alviva Group
https://www.work.ua/jobs/6890338/,,Alviva Group,Work.ua,Alviva Group
https://www.work.ua/jobs/7611148/,,Alviva Group,Work.ua,Alviva Group
https://www.work.ua/jobs/8083989/,,Alviva Group,Work.ua,Alviva Group
https://www.work.ua/jobs/7612837/,,Alviva Group,Work.ua,Alviva Group
https://www.work.ua/jobs/7612552/,,Alviva Group,Work.ua,Alviva Group
https://www.work.ua/jobs/6453652/,,Alviva Group,Work.ua,Alviva Group
https://www.work.ua/jobs/7612603/,,Alviva Group,Work.ua,Alviva Group
https://www.work.ua/jobs/5902223/,,Alviva Group,Work.ua,Alviva Group
https://www.work.ua/jobs/7819656/,,Alviva Group,Work.ua,Alviva Group
https://www.work.ua/jobs/7030981/,,Alviva Group,Work.ua,Alviva Group
https://www.work.ua/jobs/8112420/,,Alviva Group,Work.ua,Alviva Group
https://www.work.ua/jobs/7904325/,,Alviva Group,Work.ua,Alviva Group
https://www.work.ua/jobs/8120049/,,Alviva Group,Work.ua,Alviva Group
https://www.work.ua/jobs/8146734/,,Alviva Group,Work.ua,Alviva Group
https://www.work.ua/jobs/5750627/,,Anabel Arto,Work.ua,Anabel Arto
https://www.work.ua/jobs/5161340/,,Anabel Arto,Work.ua,Anabel Arto
https://www.work.ua/jobs/7910961/,,Anabel Arto,Work.ua,Anabel Arto
https://www.work.ua/jobs/3136439/,,Anabel Arto,Work.ua,Anabel Arto
https://www.work.ua/jobs/4852488/,,Anabel Arto,Work.ua,Anabel Arto
https://www.work.ua/jobs/4920955/,,Anabel Arto,Work.ua,Anabel Arto
https://www.work.ua/jobs/5405901/,,Anabel Arto,Work.ua,Anabel Arto
https://www.work.ua/jobs/5120413/,,Anabel Arto,Work.ua,Anabel Arto
https://www.work.ua/jobs/5727315/,,Anabel Arto,Work.ua,Anabel Arto
https://www.work.ua/jobs/8065176/,,Anabel Arto,Work.ua,Anabel Arto
https://www.work.ua/jobs/7535749/,,Anabel Arto,Work.ua,Anabel Arto
https://www.work.ua/jobs/7460902/,,Anabel Arto,Work.ua,Anabel Arto
https://www.work.ua/jobs/6245366/,,Anabel Arto,Work.ua,Anabel Arto
https://www.work.ua/jobs/5025693/,,Anabel Arto,Work.ua,Anabel Arto
https://www.work.ua/jobs/8111022/,,Anabel Arto,Work.ua,Anabel Arto
https://www.work.ua/jobs/8063748/,,Anabel Arto,Work.ua,Anabel Arto
https://www.work.ua/jobs/4708698/,,Anabel Arto,Work.ua,Anabel Arto
https://www.work.ua/jobs/7264297/,,Anabel Arto,Work.ua,Anabel Arto
https://www.work.ua/jobs/7955724/,,Anabel Arto,Work.ua,Anabel Arto
https://www.work.ua/jobs/7955907/,,Anabel Arto,Work.ua,Anabel Arto
https://www.work.ua/jobs/7955766/,,Anabel Arto,Work.ua,Anabel Arto
https://www.work.ua/jobs/7955814/,,Anabel Arto,Work.ua,Anabel Arto
https://www.work.ua/jobs/7955856/,,Anabel Arto,Work.ua,Anabel Arto
https://www.work.ua/jobs/8022450/,,AntiSchool Online,Work.ua,AntiSchool Online
https://www.work.ua/jobs/7925184/,,AntiSchool Online,Work.ua,AntiSchool Online
https://www.work.ua/jobs/8097051/,,AntiSchool Online,Work.ua,AntiSchool Online
https://www.work.ua/jobs/8035110/,,AntiSchool Online,Work.ua,AntiSchool Online
https://www.work.ua/jobs/8088870/,,AntiSchool Online,Work.ua,AntiSchool Online
https://www.work.ua/jobs/7898331/,,AntiSchool Online,Work.ua,AntiSchool Online
https://www.work.ua/jobs/7886988/,,AntiSchool Online,Work.ua,AntiSchool Online
https://www.work.ua/jobs/6875956/,,AntiSchool Online,Work.ua,AntiSchool Online
https://www.work.ua/jobs/7933182/,,AntiSchool Online,Work.ua,AntiSchool Online
https://www.work.ua/jobs/8129784/,,AntiSchool Online,Work.ua,AntiSchool Online
https://www.work.ua/jobs/7788279/,,AntiSchool Online,Work.ua,AntiSchool Online
https://www.work.ua/jobs/8084931/,,AntiSchool Online,Work.ua,AntiSchool Online
https://www.work.ua/jobs/8094720/,,AntiSchool Online,Work.ua,AntiSchool Online
https://www.work.ua/jobs/8094534/,,AntiSchool Online,Work.ua,AntiSchool Online
https://www.work.ua/jobs/7998513/,,AntiSchool Online,Work.ua,AntiSchool Online
https://www.work.ua/jobs/8070204/,,AntiSchool Online,Work.ua,AntiSchool Online
https://www.work.ua/jobs/8013075/,,AntiSchool Online,Work.ua,AntiSchool Online
https://www.work.ua/jobs/8135655/,,AntiSchool Online,Work.ua,AntiSchool Online
https://www.work.ua/jobs/8104983/,,AntiSchool Online,Work.ua,AntiSchool Online
https://www.work.ua/jobs/8093046/,,AntiSchool Online,Work.ua,AntiSchool Online
https://www.work.ua/jobs/7945086/,,AntiSchool Online,Work.ua,AntiSchool Online
https://www.work.ua/jobs/7939011/,,AntiSchool Online,Work.ua,AntiSchool Online
https://www.work.ua/jobs/8065248/,,AntiSchool Online,Work.ua,AntiSchool Online
https://www.work.ua/jobs/7649023/,,AntiSchool Online,Work.ua,AntiSchool Online
https://www.work.ua/jobs/7925181/,,AntiSchool Online,Work.ua,AntiSchool Online
https://www.work.ua/jobs/7910706/,,AntiSchool Online,Work.ua,AntiSchool Online
https://www.work.ua/jobs/8095179/,,AntiSchool Online,Work.ua,AntiSchool Online
https://www.work.ua/jobs/7868595/,,Atlas Recruiting,Work.ua,Atlas Recruiting
https://www.work.ua/jobs/8115183/,,Atlas Recruiting,Work.ua,Atlas Recruiting
https://www.work.ua/jobs/7713879/,,Atlas Recruiting,Work.ua,Atlas Recruiting
https://www.work.ua/jobs/7868721/,,Atlas Recruiting,Work.ua,Atlas Recruiting
https://www.work.ua/jobs/7428451/,,Atlas Recruiting,Work.ua,Atlas Recruiting
https://www.work.ua/jobs/7496731/,,Atlas Recruiting,Work.ua,Atlas Recruiting
https://www.work.ua/jobs/7826511/,,Atlas Recruiting,Work.ua,Atlas Recruiting
https://www.work.ua/jobs/8146503/,,Atlas Recruiting,Work.ua,Atlas Recruiting
https://www.work.ua/jobs/8082942/,,Atlas Recruiting,Work.ua,Atlas Recruiting
https://www.work.ua/jobs/7817472/,,Atlas Recruiting,Work.ua,Atlas Recruiting
https://www.work.ua/jobs/7308037/,,Atlas Recruiting,Work.ua,Atlas Recruiting
https://www.work.ua/jobs/7941441/,,Atlas Recruiting,Work.ua,Atlas Recruiting
https://www.work.ua/jobs/7738242/,,Atlas Recruiting,Work.ua,Atlas Recruiting
https://www.work.ua/jobs/8102244/,,Atlas Recruiting,Work.ua,Atlas Recruiting
https://www.work.ua/jobs/7895061/,,Atlas Recruiting,Work.ua,Atlas Recruiting
https://www.work.ua/jobs/8100081/,,Atlas Recruiting,Work.ua,Atlas Recruiting
https://www.work.ua/jobs/7751709/,,Atlas Recruiting,Work.ua,Atlas Recruiting
https://www.work.ua/jobs/8141244/,,Atlas Recruiting,Work.ua,Atlas Recruiting
https://www.work.ua/jobs/8085702/,,Atlas Recruiting,Work.ua,Atlas Recruiting
https://www.work.ua/jobs/8105358/,,Atlas Recruiting,Work.ua,Atlas Recruiting
https://www.work.ua/jobs/8141007/,,Atlas Recruiting,Work.ua,Atlas Recruiting
https://www.work.ua/jobs/7971552/,,Atlas Recruiting,Work.ua,Atlas Recruiting
https://www.work.ua/jobs/8099523/,,Atlas Recruiting,Work.ua,Atlas Recruiting
https://www.work.ua/jobs/8106462/,,Atlas Recruiting,Work.ua,Atlas Recruiting
https://www.work.ua/jobs/7802592/,,Atlas Recruiting,Work.ua,Atlas Recruiting
https://www.work.ua/jobs/8141220/,,Atlas Recruiting,Work.ua,Atlas Recruiting
https://www.work.ua/jobs/7941408/,,Atlas Recruiting,Work.ua,Atlas Recruiting
https://www.work.ua/jobs/8072586/,,Atlas Recruiting,Work.ua,Atlas Recruiting
https://www.work.ua/jobs/7916808/,,Atlas Recruiting,Work.ua,Atlas Recruiting
https://www.work.ua/jobs/8038521/,,Autostrada,Work.ua,Autostrada
https://www.work.ua/jobs/7232953/,,Autostrada,Work.ua,Autostrada
https://www.work.ua/jobs/8103258/,,Autostrada,Work.ua,Autostrada
https://www.work.ua/jobs/8103261/,,Autostrada,Work.ua,Autostrada
https://www.work.ua/jobs/6472270/,,Autostrada,Work.ua,Autostrada
https://www.work.ua/jobs/4931717/,,Autostrada,Work.ua,Autostrada
https://www.work.ua/jobs/5650023/,,Autostrada,Work.ua,Autostrada
https://www.work.ua/jobs/8147535/,,Autostrada,Work.ua,Autostrada
https://www.work.ua/jobs/8075442/,,Autostrada,Work.ua,Autostrada
https://www.work.ua/jobs/8091054/,,Autostrada,Work.ua,Autostrada
https://www.work.ua/jobs/7283380/,,Autostrada,Work.ua,Autostrada
https://www.work.ua/jobs/7852020/,,Autostrada,Work.ua,Autostrada
https://www.work.ua/jobs/7790634/,,Autostrada,Work.ua,Autostrada
https://www.work.ua/jobs/8032146/,,Autostrada,Work.ua,Autostrada
https://www.work.ua/jobs/7914666/,,Autostrada,Work.ua,Autostrada
https://www.work.ua/jobs/7361245/,,Autostrada,Work.ua,Autostrada
https://www.work.ua/jobs/8026785/,,Autostrada,Work.ua,Autostrada
https://www.work.ua/jobs/4872975/,,Autostrada,Work.ua,Autostrada
https://www.work.ua/jobs/8048475/,,Autostrada,Work.ua,Autostrada
https://www.work.ua/jobs/6999112/,,Autostrada,Work.ua,Autostrada
https://www.work.ua/jobs/8026776/,,Autostrada,Work.ua,Autostrada
https://www.work.ua/jobs/8038542/,,Autostrada,Work.ua,Autostrada
https://www.work.ua/jobs/8074545/,,Autostrada,Work.ua,Autostrada
https://www.work.ua/jobs/8040711/,,Autostrada,Work.ua,Autostrada
https://www.work.ua/jobs/7221274/,,Autostrada,Work.ua,Autostrada
https://www.work.ua/jobs/8015082/,,Autostrada,Work.ua,Autostrada
https://www.work.ua/jobs/7970361/,,Autostrada,Work.ua,Autostrada
https://www.work.ua/jobs/8038581/,,Autostrada,Work.ua,Autostrada
https://www.work.ua/jobs/7220191/,,Autostrada,Work.ua,Autostrada
https://www.work.ua/jobs/8102880/,,Autostrada,Work.ua,Autostrada
https://www.work.ua/jobs/8097066/,,Autostrada,Work.ua,Autostrada
https://www.work.ua/jobs/7852062/,,Autostrada,Work.ua,Autostrada
https://www.work.ua/jobs/8111295/,,Autostrada,Work.ua,Autostrada
https://www.work.ua/jobs/8062122/,,Autostrada,Work.ua,Autostrada
https://www.work.ua/jobs/8062107/,,Autostrada,Work.ua,Autostrada
https://www.work.ua/jobs/8087538/,,Autostrada,Work.ua,Autostrada
https://www.work.ua/jobs/7531033/,,Autostrada,Work.ua,Autostrada
https://www.work.ua/jobs/8130384/,,"Avangardco, аграрний холдинг",Work.ua,"Avangardco, аграрний холдинг"
https://www.work.ua/jobs/8103822/,,"Avangardco, аграрний холдинг",Work.ua,"Avangardco, аграрний холдинг"
https://www.work.ua/jobs/8058165/,,"Avangardco, аграрний холдинг",Work.ua,"Avangardco, аграрний холдинг"
https://www.work.ua/jobs/8039826/,,"Avangardco, аграрний холдинг",Work.ua,"Avangardco, аграрний холдинг"
https://www.work.ua/jobs/8104251/,,"Avangardco, аграрний холдинг",Work.ua,"Avangardco, аграрний холдинг"
https://www.work.ua/jobs/8036196/,,"Avangardco, аграрний холдинг",Work.ua,"Avangardco, аграрний холдинг"
https://www.work.ua/jobs/7990629/,,"Avangardco, аграрний холдинг",Work.ua,"Avangardco, аграрний холдинг"
https://www.work.ua/jobs/8103786/,,"Avangardco, аграрний холдинг",Work.ua,"Avangardco, аграрний холдинг"
https://www.work.ua/jobs/7987650/,,"Avangardco, аграрний холдинг",Work.ua,"Avangardco, аграрний холдинг"
https://www.work.ua/jobs/8103771/,,"Avangardco, аграрний холдинг",Work.ua,"Avangardco, аграрний холдинг"
https://www.work.ua/jobs/8042562/,,"Avangardco, аграрний холдинг",Work.ua,"Avangardco, аграрний холдинг"
https://www.work.ua/jobs/8031237/,,"Avangardco, аграрний холдинг",Work.ua,"Avangardco, аграрний холдинг"
https://www.work.ua/jobs/8087898/,,"Avangardco, аграрний холдинг",Work.ua,"Avangardco, аграрний холдинг"
https://www.work.ua/jobs/8057982/,,"Avangardco, аграрний холдинг",Work.ua,"Avangardco, аграрний холдинг"
https://www.work.ua/jobs/7982031/,,"Avangardco, аграрний холдинг",Work.ua,"Avangardco, аграрний холдинг"
https://www.work.ua/jobs/8042907/,,"Avangardco, аграрний холдинг",Work.ua,"Avangardco, аграрний холдинг"
https://www.work.ua/jobs/8030304/,,"Avangardco, аграрний холдинг",Work.ua,"Avangardco, аграрний холдинг"
https://www.work.ua/jobs/8094237/,,"Avangardco, аграрний холдинг",Work.ua,"Avangardco, аграрний холдинг"
https://www.work.ua/jobs/8107260/,,"Avangardco, аграрний холдинг",Work.ua,"Avangardco, аграрний холдинг"
https://www.work.ua/jobs/8147994/,,"Avangardco, аграрний холдинг",Work.ua,"Avangardco, аграрний холдинг"
https://www.work.ua/jobs/8030451/,,"Avangardco, аграрний холдинг",Work.ua,"Avangardco, аграрний холдинг"
https://www.work.ua/jobs/8130225/,,"Avangardco, аграрний холдинг",Work.ua,"Avangardco, аграрний холдинг"
https://www.work.ua/jobs/8059248/,,"Avangardco, аграрний холдинг",Work.ua,"Avangardco, аграрний холдинг"
https://www.work.ua/jobs/7987665/,,"Avangardco, аграрний холдинг",Work.ua,"Avangardco, аграрний холдинг"
https://www.work.ua/jobs/8043702/,,"Avangardco, аграрний холдинг",Work.ua,"Avangardco, аграрний холдинг"
https://www.work.ua/jobs/8139135/,,"Avangardco, аграрний холдинг",Work.ua,"Avangardco, аграрний холдинг"
https://www.work.ua/jobs/8041545/,,"Avangardco, аграрний холдинг",Work.ua,"Avangardco, аграрний холдинг"
https://www.work.ua/jobs/7742814/,,BeerMarket,Work.ua,BeerMarket
https://www.work.ua/jobs/5112630/,,BeerMarket,Work.ua,BeerMarket
https://www.work.ua/jobs/8060148/,,BeerMarket,Work.ua,BeerMarket
https://www.work.ua/jobs/7932393/,,BeerMarket,Work.ua,BeerMarket
https://www.work.ua/jobs/8124990/,,BeerMarket,Work.ua,BeerMarket
https://www.work.ua/jobs/8079213/,,BeerMarket,Work.ua,BeerMarket
https://www.work.ua/jobs/7935699/,,BeerMarket,Work.ua,BeerMarket
https://www.work.ua/jobs/7528753/,,BeerMarket,Work.ua,BeerMarket
https://www.work.ua/jobs/8124996/,,BeerMarket,Work.ua,BeerMarket
https://www.work.ua/jobs/8124993/,,BeerMarket,Work.ua,BeerMarket
https://www.work.ua/jobs/8010675/,,BeerMarket,Work.ua,BeerMarket
https://www.work.ua/jobs/7942272/,,BeerMarket,Work.ua,BeerMarket
https://www.work.ua/jobs/8143515/,,BeerMarket,Work.ua,BeerMarket
https://www.work.ua/jobs/7880304/,,BERTA group,Work.ua,BERTA group
https://www.work.ua/jobs/8108373/,,BERTA group,Work.ua,BERTA group
https://www.work.ua/jobs/7600390/,,BERTA group,Work.ua,BERTA group
https://www.work.ua/jobs/7810977/,,BERTA group,Work.ua,BERTA group
https://www.work.ua/jobs/7821954/,,BERTA group,Work.ua,BERTA group
https://www.work.ua/jobs/7811703/,,BERTA group,Work.ua,BERTA group
https://www.work.ua/jobs/7812045/,,BERTA group,Work.ua,BERTA group
https://www.work.ua/jobs/8108034/,,BERTA group,Work.ua,BERTA group
https://www.work.ua/jobs/8047011/,,BERTA group,Work.ua,BERTA group
https://www.work.ua/jobs/7811247/,,BERTA group,Work.ua,BERTA group
https://www.work.ua/jobs/8032971/,,BERTA group,Work.ua,BERTA group
https://www.work.ua/jobs/8107929/,,BERTA group,Work.ua,BERTA group
https://www.work.ua/jobs/6414082/,,BERTA group,Work.ua,BERTA group
https://www.work.ua/jobs/8088450/,,BERTA group,Work.ua,BERTA group
https://www.work.ua/jobs/7811679/,,BERTA group,Work.ua,BERTA group
https://www.work.ua/jobs/7811349/,,BERTA group,Work.ua,BERTA group
https://www.work.ua/jobs/7771281/,,BERTA group,Work.ua,BERTA group
https://www.work.ua/jobs/7831671/,,BERTA group,Work.ua,BERTA group
https://www.work.ua/jobs/7811490/,,BERTA group,Work.ua,BERTA group
https://www.work.ua/jobs/8107896/,,BERTA group,Work.ua,BERTA group
https://www.work.ua/jobs/7826727/,,BERTA group,Work.ua,BERTA group
https://www.work.ua/jobs/8033268/,,BERTA group,Work.ua,BERTA group
https://www.work.ua/jobs/8030763/,,BERTA group,Work.ua,BERTA group
https://www.work.ua/jobs/8114436/,,BERTA group,Work.ua,BERTA group
https://www.work.ua/jobs/8077704/,,BERTA group,Work.ua,BERTA group
https://www.work.ua/jobs/8077767/,,BERTA group,Work.ua,BERTA group
https://www.work.ua/jobs/8107884/,,BERTA group,Work.ua,BERTA group
https://www.work.ua/jobs/8072112/,,BERTA group,Work.ua,BERTA group
https://www.work.ua/jobs/6746833/,,BERTA group,Work.ua,BERTA group
https://www.work.ua/jobs/6792148/,,BERTA group,Work.ua,BERTA group
https://www.work.ua/jobs/5898719/,,BERTA group,Work.ua,BERTA group
https://www.work.ua/jobs/5566974/,,BERTA group,Work.ua,BERTA group
https://www.work.ua/jobs/8122923/,,BERTA group,Work.ua,BERTA group
https://www.work.ua/jobs/8122911/,,BERTA group,Work.ua,BERTA group
https://www.work.ua/jobs/8122896/,,BERTA group,Work.ua,BERTA group
https://www.work.ua/jobs/8122959/,,BERTA group,Work.ua,BERTA group
https://www.work.ua/jobs/8105910/,,BERTA group,Work.ua,BERTA group
https://www.work.ua/jobs/7423387/,,BlueBird Tech,Work.ua,BlueBird Tech
https://www.work.ua/jobs/5793661/,,BlueBird Tech,Work.ua,BlueBird Tech
https://www.work.ua/jobs/8108763/,,BlueBird Tech,Work.ua,BlueBird Tech
https://www.work.ua/jobs/8131707/,,BlueBird Tech,Work.ua,BlueBird Tech
https://www.work.ua/jobs/8118702/,,BlueBird Tech,Work.ua,BlueBird Tech
https://www.work.ua/jobs/8102649/,,BlueBird Tech,Work.ua,BlueBird Tech
https://www.work.ua/jobs/8126100/,,BlueBird Tech,Work.ua,BlueBird Tech
https://www.work.ua/jobs/7847613/,,BlueBird Tech,Work.ua,BlueBird Tech
https://www.work.ua/jobs/7983783/,,BlueBird Tech,Work.ua,BlueBird Tech
https://www.work.ua/jobs/8128467/,,BlueBird Tech,Work.ua,BlueBird Tech
https://www.work.ua/jobs/7719216/,,BlueBird Tech,Work.ua,BlueBird Tech
https://www.work.ua/jobs/7953162/,,BlueBird Tech,Work.ua,BlueBird Tech
https://www.work.ua/jobs/7266313/,,BlueBird Tech,Work.ua,BlueBird Tech
https://www.work.ua/jobs/7660924/,,BlueBird Tech,Work.ua,BlueBird Tech
https://www.work.ua/jobs/7264237/,,BlueBird Tech,Work.ua,BlueBird Tech
https://www.work.ua/jobs/7959147/,,BlueBird Tech,Work.ua,BlueBird Tech
https://www.work.ua/jobs/8095548/,,BlueBird Tech,Work.ua,BlueBird Tech
https://www.work.ua/jobs/8090589/,,BlueBird Tech,Work.ua,BlueBird Tech
https://www.work.ua/jobs/8108547/,,BlueBird Tech,Work.ua,BlueBird Tech
https://www.work.ua/jobs/8106753/,,BlueBird Tech,Work.ua,BlueBird Tech
https://www.work.ua/jobs/7664887/,,BlueBird Tech,Work.ua,BlueBird Tech
https://www.work.ua/jobs/7276870/,,BlueBird Tech,Work.ua,BlueBird Tech
https://www.work.ua/jobs/8107968/,,BlueBird Tech,Work.ua,BlueBird Tech
https://www.work.ua/jobs/8032632/,,BlueBird Tech,Work.ua,BlueBird Tech
https://www.work.ua/jobs/7468423/,,BlueBird Tech,Work.ua,BlueBird Tech
https://www.work.ua/jobs/7742538/,,BlueBird Tech,Work.ua,BlueBird Tech
https://www.work.ua/jobs/8108853/,,BlueBird Tech,Work.ua,BlueBird Tech
https://www.work.ua/jobs/8028801/,,BlueBird Tech,Work.ua,BlueBird Tech
https://www.work.ua/jobs/7767003/,,BlueBird Tech,Work.ua,BlueBird Tech
https://www.work.ua/jobs/7067059/,,BlueBird Tech,Work.ua,BlueBird Tech
https://www.work.ua/jobs/7263985/,,BlueBird Tech,Work.ua,BlueBird Tech
https://www.work.ua/jobs/8023926/,,BlueBird Tech,Work.ua,BlueBird Tech
https://www.work.ua/jobs/7829541/,,BlueBird Tech,Work.ua,BlueBird Tech
https://www.work.ua/jobs/7584286/,,BlueBird Tech,Work.ua,BlueBird Tech
https://www.work.ua/jobs/7911006/,,BlueBird Tech,Work.ua,BlueBird Tech
https://www.work.ua/jobs/7911225/,,BlueBird Tech,Work.ua,BlueBird Tech
https://www.work.ua/jobs/7903062/,,BlueBird Tech,Work.ua,BlueBird Tech
https://www.work.ua/jobs/7902777/,,BlueBird Tech,Work.ua,BlueBird Tech
https://www.work.ua/jobs/8023752/,,BlueBird Tech,Work.ua,BlueBird Tech
https://www.work.ua/jobs/7768560/,,BlueBird Tech,Work.ua,BlueBird Tech
https://www.work.ua/jobs/8131059/,,BlueBird Tech,Work.ua,BlueBird Tech
https://www.work.ua/jobs/6758851/,,BlueBird Tech,Work.ua,BlueBird Tech
https://www.work.ua/jobs/8023950/,,BlueBird Tech,Work.ua,BlueBird Tech
https://www.work.ua/jobs/8023767/,,BlueBird Tech,Work.ua,BlueBird Tech
https://www.work.ua/jobs/7468090/,,BlueBird Tech,Work.ua,BlueBird Tech
https://www.work.ua/jobs/7984200/,,BlueBird Tech,Work.ua,BlueBird Tech
https://www.work.ua/jobs/8035020/,,BlueBird Tech,Work.ua,BlueBird Tech
https://www.work.ua/jobs/7670908/,,BlueBird Tech,Work.ua,BlueBird Tech
https://www.work.ua/jobs/8046453/,,BlueBird Tech,Work.ua,BlueBird Tech
https://www.work.ua/jobs/8023890/,,BlueBird Tech,Work.ua,BlueBird Tech
https://www.work.ua/jobs/8146110/,,BlueBird Tech,Work.ua,BlueBird Tech
https://www.work.ua/jobs/7120504/,,BlueBird Tech,Work.ua,BlueBird Tech
https://www.work.ua/jobs/7564231/,,bodo,Work.ua,bodo
https://www.work.ua/jobs/7564222/,,bodo,Work.ua,bodo
https://www.work.ua/jobs/6168799/,,bodo,Work.ua,bodo
https://www.work.ua/jobs/5774259/,,bodo,Work.ua,bodo
https://www.work.ua/jobs/6828019/,,bodo,Work.ua,bodo
https://www.work.ua/jobs/7564240/,,bodo,Work.ua,bodo
https://www.work.ua/jobs/7560499/,,bodo,Work.ua,bodo
https://www.work.ua/jobs/5907104/,,bodo,Work.ua,bodo
https://www.work.ua/jobs/6953419/,,Boss Auto Ukraine,Work.ua,Boss Auto Ukraine
https://www.work.ua/jobs/6953437/,,Boss Auto Ukraine,Work.ua,Boss Auto Ukraine
https://www.work.ua/jobs/7782588/,,Boss Auto Ukraine,Work.ua,Boss Auto Ukraine
https://www.work.ua/jobs/7663456/,,Boss Auto Ukraine,Work.ua,Boss Auto Ukraine
https://www.work.ua/jobs/7663423/,,Boss Auto Ukraine,Work.ua,Boss Auto Ukraine
https://www.work.ua/jobs/7782489/,,Boss Auto Ukraine,Work.ua,Boss Auto Ukraine
https://www.work.ua/jobs/5684818/,,Boss Auto Ukraine,Work.ua,Boss Auto Ukraine
https://www.work.ua/jobs/7173625/,,Boss Auto Ukraine,Work.ua,Boss Auto Ukraine
https://www.work.ua/jobs/7777413/,,Boss Auto Ukraine,Work.ua,Boss Auto Ukraine
https://www.work.ua/jobs/6953404/,,Boss Auto Ukraine,Work.ua,Boss Auto Ukraine
https://www.work.ua/jobs/7257886/,,Boss Auto Ukraine,Work.ua,Boss Auto Ukraine
https://www.work.ua/jobs/7688665/,,box маркет,Work.ua,box маркет
https://www.work.ua/jobs/8060517/,,box маркет,Work.ua,box маркет
https://www.work.ua/jobs/8045658/,,box маркет,Work.ua,box маркет
https://www.work.ua/jobs/8045637/,,box маркет,Work.ua,box маркет
https://www.work.ua/jobs/7571059/,,box маркет,Work.ua,box маркет
https://www.work.ua/jobs/7889376/,,box маркет,Work.ua,box маркет
https://www.work.ua/jobs/7682248/,,box маркет,Work.ua,box маркет
https://www.work.ua/jobs/7403659/,,box маркет,Work.ua,box маркет
https://www.work.ua/jobs/8103636/,,box маркет,Work.ua,box маркет
https://www.work.ua/jobs/7455676/,,box маркет,Work.ua,box маркет
https://www.work.ua/jobs/8104647/,,box маркет,Work.ua,box маркет
https://www.work.ua/jobs/7705845/,,box маркет,Work.ua,box маркет
https://www.work.ua/jobs/7582555/,,box маркет,Work.ua,box маркет
https://www.work.ua/jobs/7713585/,,box маркет,Work.ua,box маркет
https://www.work.ua/jobs/5116422/,,box маркет,Work.ua,box маркет
https://www.work.ua/jobs/7688788/,,box маркет,Work.ua,box маркет
https://www.work.ua/jobs/6700438/,,box маркет,Work.ua,box маркет
https://www.work.ua/jobs/7890417/,,box маркет,Work.ua,box маркет
https://www.work.ua/jobs/8031351/,,box маркет,Work.ua,box маркет
https://www.work.ua/jobs/7571098/,,box маркет,Work.ua,box маркет
https://www.work.ua/jobs/7935789/,,box маркет,Work.ua,box маркет
https://www.work.ua/jobs/7928715/,,box маркет,Work.ua,box маркет
https://www.work.ua/jobs/8025585/,,box маркет,Work.ua,box маркет
https://www.work.ua/jobs/8027625/,,box маркет,Work.ua,box маркет
https://www.work.ua/jobs/8025993/,,box маркет,Work.ua,box маркет
https://www.work.ua/jobs/7524430/,,box маркет,Work.ua,box маркет
https://www.work.ua/jobs/7688743/,,box маркет,Work.ua,box маркет
https://www.work.ua/jobs/7157944/,,box маркет,Work.ua,box маркет
https://www.work.ua/jobs/7688752/,,box маркет,Work.ua,box маркет
https://www.work.ua/jobs/7871085/,,box маркет,Work.ua,box маркет
https://www.work.ua/jobs/7856070/,,box маркет,Work.ua,box маркет
https://www.work.ua/jobs/7856013/,,box маркет,Work.ua,box маркет
https://www.work.ua/jobs/7258633/,,box маркет,Work.ua,box маркет
https://www.work.ua/jobs/7928724/,,box маркет,Work.ua,box маркет
https://www.work.ua/jobs/7870512/,,box маркет,Work.ua,box маркет
https://www.work.ua/jobs/8021769/,,box маркет,Work.ua,box маркет
https://www.work.ua/jobs/8021925/,,box маркет,Work.ua,box маркет
https://www.work.ua/jobs/7705878/,,box маркет,Work.ua,box маркет
https://www.work.ua/jobs/7986030/,,box маркет,Work.ua,box маркет
https://www.work.ua/jobs/7915398/,,box маркет,Work.ua,box маркет
https://www.work.ua/jobs/7544254/,,box маркет,Work.ua,box маркет
https://www.work.ua/jobs/7791795/,,box маркет,Work.ua,box маркет
https://www.work.ua/jobs/7989915/,,box маркет,Work.ua,box маркет
https://www.work.ua/jobs/8086938/,,box маркет,Work.ua,box маркет
https://www.work.ua/jobs/8090541/,,box маркет,Work.ua,box маркет
https://www.work.ua/jobs/7748796/,,box маркет,Work.ua,box маркет
https://www.work.ua/jobs/7609090/,,box маркет,Work.ua,box маркет
https://www.work.ua/jobs/7687054/,,box маркет,Work.ua,box маркет
https://www.work.ua/jobs/7521136/,,box маркет,Work.ua,box маркет
https://www.work.ua/jobs/7795554/,,box маркет,Work.ua,box маркет
https://www.work.ua/jobs/7617619/,,box маркет,Work.ua,box маркет
https://www.work.ua/jobs/7563541/,,box маркет,Work.ua,box маркет
https://www.work.ua/jobs/7782786/,,box маркет,Work.ua,box маркет
https://www.work.ua/jobs/7943808/,,box маркет,Work.ua,box маркет
https://www.work.ua/jobs/7793448/,,box маркет,Work.ua,box маркет
https://www.work.ua/jobs/7916007/,,box маркет,Work.ua,box маркет
https://www.work.ua/jobs/8032932/,,box маркет,Work.ua,box маркет
https://www.work.ua/jobs/6982753/,,box маркет,Work.ua,box маркет
https://www.work.ua/jobs/7001716/,,Brain,Work.ua,Brain
https://www.work.ua/jobs/7804917/,,Brain,Work.ua,Brain
https://www.work.ua/jobs/8120151/,,Brain,Work.ua,Brain
https://www.work.ua/jobs/8120142/,,Brain,Work.ua,Brain
https://www.work.ua/jobs/5055087/,,Brain,Work.ua,Brain
https://www.work.ua/jobs/8120148/,,Brain,Work.ua,Brain
https://www.work.ua/jobs/8086293/,,Brain,Work.ua,Brain
https://www.work.ua/jobs/8071158/,,Brain,Work.ua,Brain
https://www.work.ua/jobs/8120145/,,Brain,Work.ua,Brain
https://www.work.ua/jobs/8068710/,,Brain,Work.ua,Brain
https://www.work.ua/jobs/8076945/,,Business Tuning Center,Work.ua,Business Tuning Center
https://www.work.ua/jobs/8076705/,,Business Tuning Center,Work.ua,Business Tuning Center
https://www.work.ua/jobs/8076927/,,Business Tuning Center,Work.ua,Business Tuning Center
https://www.work.ua/jobs/8076960/,,Business Tuning Center,Work.ua,Business Tuning Center
https://www.work.ua/jobs/8076972/,,Business Tuning Center,Work.ua,Business Tuning Center
https://www.work.ua/jobs/8076891/,,Business Tuning Center,Work.ua,Business Tuning Center
https://www.work.ua/jobs/8117808/,,Business Tuning Center,Work.ua,Business Tuning Center
https://www.work.ua/jobs/8117844/,,Business Tuning Center,Work.ua,Business Tuning Center
https://www.work.ua/jobs/8117640/,,Business Tuning Center,Work.ua,Business Tuning Center
https://www.work.ua/jobs/8117718/,,Business Tuning Center,Work.ua,Business Tuning Center
https://www.work.ua/jobs/8117796/,,Business Tuning Center,Work.ua,Business Tuning Center
https://www.work.ua/jobs/8117763/,,Business Tuning Center,Work.ua,Business Tuning Center
https://www.work.ua/jobs/8117775/,,Business Tuning Center,Work.ua,Business Tuning Center
https://www.work.ua/jobs/8117598/,,Business Tuning Center,Work.ua,Business Tuning Center
https://www.work.ua/jobs/8117628/,,Business Tuning Center,Work.ua,Business Tuning Center
https://www.work.ua/jobs/8117652/,,Business Tuning Center,Work.ua,Business Tuning Center
https://www.work.ua/jobs/8117664/,,Business Tuning Center,Work.ua,Business Tuning Center
https://www.work.ua/jobs/8117679/,,Business Tuning Center,Work.ua,Business Tuning Center
https://www.work.ua/jobs/8117823/,,Business Tuning Center,Work.ua,Business Tuning Center
https://www.work.ua/jobs/8076741/,,Business Tuning Center,Work.ua,Business Tuning Center
https://www.work.ua/jobs/8043066/,,Business Tuning Center,Work.ua,Business Tuning Center
https://www.work.ua/jobs/8084277/,,Business Tuning Center,Work.ua,Business Tuning Center
https://www.work.ua/jobs/8084466/,,Business Tuning Center,Work.ua,Business Tuning Center
https://www.work.ua/jobs/8084241/,,Business Tuning Center,Work.ua,Business Tuning Center
https://www.work.ua/jobs/8084364/,,Business Tuning Center,Work.ua,Business Tuning Center
https://www.work.ua/jobs/8084439/,,Business Tuning Center,Work.ua,Business Tuning Center
https://www.work.ua/jobs/8084385/,,Business Tuning Center,Work.ua,Business Tuning Center
https://www.work.ua/jobs/8084226/,,Business Tuning Center,Work.ua,Business Tuning Center
https://www.work.ua/jobs/8084292/,,Business Tuning Center,Work.ua,Business Tuning Center
https://www.work.ua/jobs/8084418/,,Business Tuning Center,Work.ua,Business Tuning Center
https://www.work.ua/jobs/8084334/,,Business Tuning Center,Work.ua,Business Tuning Center
https://www.work.ua/jobs/8084307/,,Business Tuning Center,Work.ua,Business Tuning Center
https://www.work.ua/jobs/8084262/,,Business Tuning Center,Work.ua,Business Tuning Center
https://www.work.ua/jobs/8083968/,,Business Tuning Center,Work.ua,Business Tuning Center
https://www.work.ua/jobs/8084160/,,Business Tuning Center,Work.ua,Business Tuning Center
https://www.work.ua/jobs/8084151/,,Business Tuning Center,Work.ua,Business Tuning Center
https://www.work.ua/jobs/8084106/,,Business Tuning Center,Work.ua,Business Tuning Center
https://www.work.ua/jobs/8084193/,,Business Tuning Center,Work.ua,Business Tuning Center
https://www.work.ua/jobs/8084187/,,Business Tuning Center,Work.ua,Business Tuning Center
https://www.work.ua/jobs/8084028/,,Business Tuning Center,Work.ua,Business Tuning Center
https://www.work.ua/jobs/8084139/,,Business Tuning Center,Work.ua,Business Tuning Center
https://www.work.ua/jobs/8084121/,,Business Tuning Center,Work.ua,Business Tuning Center
https://www.work.ua/jobs/8084010/,,Business Tuning Center,Work.ua,Business Tuning Center
https://www.work.ua/jobs/8084094/,,Business Tuning Center,Work.ua,Business Tuning Center
https://www.work.ua/jobs/8077692/,,Business Tuning Center,Work.ua,Business Tuning Center
https://www.work.ua/jobs/8077665/,,Business Tuning Center,Work.ua,Business Tuning Center
https://www.work.ua/jobs/8077452/,,Business Tuning Center,Work.ua,Business Tuning Center
https://www.work.ua/jobs/8083896/,,Business Tuning Center,Work.ua,Business Tuning Center
https://www.work.ua/jobs/8083926/,,Business Tuning Center,Work.ua,Business Tuning Center
https://www.work.ua/jobs/8077707/,,Business Tuning Center,Work.ua,Business Tuning Center
https://www.work.ua/jobs/8077479/,,Business Tuning Center,Work.ua,Business Tuning Center
https://www.work.ua/jobs/8077563/,,Business Tuning Center,Work.ua,Business Tuning Center
https://www.work.ua/jobs/8077521/,,Business Tuning Center,Work.ua,Business Tuning Center
https://www.work.ua/jobs/8077650/,,Business Tuning Center,Work.ua,Business Tuning Center
https://www.work.ua/jobs/8077593/,,Business Tuning Center,Work.ua,Business Tuning Center
https://www.work.ua/jobs/8077551/,,Business Tuning Center,Work.ua,Business Tuning Center
https://www.work.ua/jobs/8077632/,,Business Tuning Center,Work.ua,Business Tuning Center
https://www.work.ua/jobs/8077575/,,Business Tuning Center,Work.ua,Business Tuning Center
https://www.work.ua/jobs/8043030/,,Business Tuning Center,Work.ua,Business Tuning Center
https://www.work.ua/jobs/8079789/,,Business Tuning Center,Work.ua,Business Tuning Center
https://www.work.ua/jobs/8083842/,,Business Tuning Center,Work.ua,Business Tuning Center
https://www.work.ua/jobs/8083815/,,Business Tuning Center,Work.ua,Business Tuning Center
https://www.work.ua/jobs/8083791/,,Business Tuning Center,Work.ua,Business Tuning Center
https://www.work.ua/jobs/8083908/,,Business Tuning Center,Work.ua,Business Tuning Center
https://www.work.ua/jobs/8083875/,,Business Tuning Center,Work.ua,Business Tuning Center
https://www.work.ua/jobs/8083818/,,Business Tuning Center,Work.ua,Business Tuning Center
https://www.work.ua/jobs/8083833/,,Business Tuning Center,Work.ua,Business Tuning Center
https://www.work.ua/jobs/6959311/,,Adidas Ukraine,Work.ua,Adidas Ukraine
